,filename,label
705,_28_8586.jpeg,0
377,_1_2863.jpeg,0
1052,_38_4360.jpeg,0
1587,_52_7873.jpeg,0
2242,_70_3739.jpeg,0
1272,_44_1337.jpeg,0
1525,_50_6707.jpeg,0
988,_36_6186.jpeg,0
2079,_66_4140.jpeg,0
1386,_47_53.jpeg,0
1193,_41_5826.jpeg,0
1304,_45_1110.jpeg,0
2240,_70_3429.jpeg,0
1965,_62_9912.jpeg,0
1133,_3_8957.jpeg,0
373,_1_127.jpeg,0
1389,_47_655.jpeg,0
1642,_54_3301.jpeg,0
2391,_74_9291.jpeg,0
177,_14_4068.jpeg,0
811,_31_2018.jpeg,0
1417,_48_4061.jpeg,0
611,_26_1653.jpeg,0
1452,_49_5482.jpeg,0
1302,_44_9430.jpeg,0
1075,_39_2300.jpeg,0
1500,_4_8951.jpeg,0
245,_16_4343.jpeg,0
1090,_39_5599.jpeg,0
709,_29_1462.jpeg,0
1408,_48_1640.jpeg,0
1210,_42_2207.jpeg,0
982,_36_2976.jpeg,0
1826,_59_7963.jpeg,0
1903,_61_2316.jpeg,0
126,_12_8126.jpeg,0
1891,_60_7934.jpeg,0
676,_28_1134.jpeg,0
483,_22_3659.jpeg,0
827,_31_6717.jpeg,0
1631,_53_8903.jpeg,0
2162,_68_9986.jpeg,0
2089,_66_8661.jpeg,0
578,_25_1202.jpeg,0
1601,_52_9838.jpeg,0
2309,_72_3988.jpeg,0
2035,_65_194.jpeg,0
1483,_4_5117.jpeg,0
319,_18_4053.jpeg,0
1346,_46_2915.jpeg,0
1466,_49_9352.jpeg,0
877,_33_2212.jpeg,0
2417,_7_7343.jpeg,0
282,_17_3911.jpeg,0
382,_1_464.jpeg,0
1542,_51_2885.jpeg,0
2342,_73_3782.jpeg,0
1829,_59_925.jpeg,0
250,_16_5602.jpeg,0
878,_33_2488.jpeg,0
1596,_52_916.jpeg,0
1064,_38_8092.jpeg,0
3,_0_2142.jpeg,0
2099,_67_1863.jpeg,0
167,_13_9527.jpeg,0
647,_27_2631.jpeg,0
898,_33_8228.jpeg,0
1270,_43_9879.jpeg,0
764,_2_8346.jpeg,0
2223,_6_7609.jpeg,0
1906,_61_3512.jpeg,0
461,_21_6220.jpeg,0
2373,_74_437.jpeg,0
1464,_49_8152.jpeg,0
780,_30_3432.jpeg,0
2073,_66_2882.jpeg,0
1360,_46_6462.jpeg,0
1431,_48_9173.jpeg,0
1447,_49_4540.jpeg,0
118,_12_6303.jpeg,0
744,_2_2744.jpeg,0
499,_22_7701.jpeg,0
1086,_39_4744.jpeg,0
724,_29_4907.jpeg,0
1474,_4_2231.jpeg,0
520,_23_3918.jpeg,0
478,_22_2268.jpeg,0
304,_18_1108.jpeg,0
1856,_5_7603.jpeg,0
708,_29_1054.jpeg,0
278,_17_29.jpeg,0
1274,_44_1738.jpeg,0
80,_11_4749.jpeg,0
1580,_52_4503.jpeg,0
1661,_54_8464.jpeg,0
2268,_71_2040.jpeg,0
2154,_68_7419.jpeg,0
978,_36_2635.jpeg,0
1007,_37_1088.jpeg,0
1790,_58_8009.jpeg,0
861,_32_7303.jpeg,0
91,_11_7615.jpeg,0
552,_24_3138.jpeg,0
1721,_56_5627.jpeg,0
2276,_71_3622.jpeg,0
908,_34_1185.jpeg,0
2311,_72_4725.jpeg,0
1160,_40_7331.jpeg,0
1864,_5_9329.jpeg,0
816,_31_3517.jpeg,0
1293,_44_790.jpeg,0
732,_29_7471.jpeg,0
1340,_46_2334.jpeg,0
2165,_69_2097.jpeg,0
729,_29_6479.jpeg,0
237,_16_2043.jpeg,0
747,_2_3894.jpeg,0
1413,_48_362.jpeg,0
1041,_38_1651.jpeg,0
1169,_40_937.jpeg,0
1025,_37_6021.jpeg,0
2304,_72_2962.jpeg,0
2178,_69_7177.jpeg,0
2189,_69_8848.jpeg,0
745,_2_3123.jpeg,0
2019,_64_6185.jpeg,0
518,_23_3082.jpeg,0
2120,_67_6418.jpeg,0
1628,_53_8092.jpeg,0
1047,_38_2997.jpeg,0
2017,_64_5988.jpeg,0
875,_33_1405.jpeg,0
32,_0_9795.jpeg,0
1807,_59_3547.jpeg,0
1463,_49_7834.jpeg,0
2408,_7_5330.jpeg,0
1414,_48_3657.jpeg,0
1579,_52_4363.jpeg,0
2375,_74_495.jpeg,0
2147,_68_627.jpeg,0
1388,_47_5949.jpeg,0
1063,_38_7401.jpeg,0
1991,_63_7955.jpeg,0
1799,_58_9473.jpeg,0
1460,_49_6965.jpeg,0
1778,_58_5083.jpeg,0
765,_2_8422.jpeg,0
754,_2_5208.jpeg,0
1535,_50_9935.jpeg,0
820,_31_4650.jpeg,0
1578,_52_4320.jpeg,0
430,_20_6949.jpeg,0
1151,_40_548.jpeg,0
1855,_5_7295.jpeg,0
1568,_51_9138.jpeg,0
1634,_53_9655.jpeg,0
1283,_44_561.jpeg,0
34,_10_1654.jpeg,0
435,_20_8804.jpeg,0
2474,_9_5125.jpeg,0
873,_32_9424.jpeg,0
1428,_48_7863.jpeg,0
1232,_42_7911.jpeg,0
1564,_51_8671.jpeg,0
862,_32_7444.jpeg,0
2083,_66_545.jpeg,0
339,_19_1143.jpeg,0
1261,_43_7041.jpeg,0
194,_14_8504.jpeg,0
961,_35_7957.jpeg,0
606,_25_9456.jpeg,0
853,_32_5207.jpeg,0
905,_33_9932.jpeg,0
2257,_70_9154.jpeg,0
454,_21_5255.jpeg,0
790,_30_6284.jpeg,0
700,_28_7412.jpeg,0
1603,_53_1261.jpeg,0
231,_15_7933.jpeg,0
1418,_48_5117.jpeg,0
657,_27_5094.jpeg,0
1412,_48_3562.jpeg,0
1001,_36_8683.jpeg,0
115,_12_5355.jpeg,0
612,_26_1741.jpeg,0
2148,_68_6295.jpeg,0
2006,_64_2325.jpeg,0
631,_26_8469.jpeg,0
1394,_47_8122.jpeg,0
1134,_3_910.jpeg,0
850,_32_4173.jpeg,0
364,_19_8986.jpeg,0
41,_10_2656.jpeg,0
507,_22_9918.jpeg,0
1910,_61_4093.jpeg,0
2392,_74_9303.jpeg,0
1485,_4_5389.jpeg,0
1947,_62_6443.jpeg,0
1694,_55_7643.jpeg,0
264,_16_8152.jpeg,0
2287,_71_6897.jpeg,0
70,_11_1293.jpeg,0
29,_0_9211.jpeg,0
2385,_74_7654.jpeg,0
536,_23_9242.jpeg,0
1624,_53_7603.jpeg,0
2115,_67_5405.jpeg,0
589,_25_3662.jpeg,0
248,_16_4935.jpeg,0
1331,_45_7755.jpeg,0
957,_35_6300.jpeg,0
839,_31_980.jpeg,0
2255,_70_9014.jpeg,0
496,_22_6994.jpeg,0
2249,_70_6660.jpeg,0
1313,_45_3424.jpeg,0
262,_16_794.jpeg,0
635,_26_9020.jpeg,0
2180,_69_7307.jpeg,0
952,_35_561.jpeg,0
2285,_71_5681.jpeg,0
1756,_57_6953.jpeg,0
1685,_55_5469.jpeg,0
495,_22_6909.jpeg,0
1584,_52_5943.jpeg,0
1651,_54_6050.jpeg,0
1668,_55_1468.jpeg,0
678,_28_2135.jpeg,0
1701,_56_1181.jpeg,0
183,_14_6795.jpeg,0
1437,_49_1474.jpeg,0
65,_10_9414.jpeg,0
57,_10_6635.jpeg,0
2064,_65_9674.jpeg,0
882,_33_3493.jpeg,0
176,_14_3816.jpeg,0
2198,_6_1311.jpeg,0
1969,_63_1871.jpeg,0
1154,_40_6979.jpeg,0
1119,_3_4738.jpeg,0
2300,_72_2169.jpeg,0
1810,_59_4182.jpeg,0
1616,_53_4923.jpeg,0
587,_25_3241.jpeg,0
2428,_7_9956.jpeg,0
1252,_43_5176.jpeg,0
1289,_44_7382.jpeg,0
1972,_63_2964.jpeg,0
138,_13_2119.jpeg,0
1560,_51_6545.jpeg,0
1033,_37_8137.jpeg,0
1144,_40_2915.jpeg,0
1862,_5_907.jpeg,0
1801,_59_1316.jpeg,0
916,_34_4656.jpeg,0
893,_33_5783.jpeg,0
885,_33_4830.jpeg,0
1344,_46_278.jpeg,0
865,_32_7979.jpeg,0
1923,_61_7093.jpeg,0
1929,_61_9484.jpeg,0
1077,_39_2461.jpeg,0
106,_12_2112.jpeg,0
2164,_69_2014.jpeg,0
1216,_42_4507.jpeg,0
2302,_72_2798.jpeg,0
938,_34_972.jpeg,0
571,_24_9199.jpeg,0
155,_13_6628.jpeg,0
523,_23_4765.jpeg,0
1069,_38_9748.jpeg,0
807,_30_9942.jpeg,0
2366,_74_2851.jpeg,0
1730,_56_8574.jpeg,0
719,_29_2992.jpeg,0
2088,_66_8623.jpeg,0
204,_15_1292.jpeg,0
288,_17_4864.jpeg,0
1894,_60_8586.jpeg,0
2313,_72_4957.jpeg,0
685,_28_3543.jpeg,0
1987,_63_6445.jpeg,0
1196,_41_6664.jpeg,0
1678,_55_4246.jpeg,0
986,_36_4961.jpeg,0
2009,_64_4103.jpeg,0
1286,_44_7175.jpeg,0
756,_2_5915.jpeg,0
1018,_37_4797.jpeg,0
1997,_63_9500.jpeg,0
931,_34_7647.jpeg,0
1770,_58_1904.jpeg,0
445,_21_2869.jpeg,0
1163,_40_7441.jpeg,0
111,_12_4560.jpeg,0
1316,_45_3806.jpeg,0
1198,_41_7902.jpeg,0
1468,_49_9944.jpeg,0
2232,_70_1425.jpeg,0
1328,_45_7185.jpeg,0
1726,_56_7529.jpeg,0
915,_34_4614.jpeg,0
1920,_61_6461.jpeg,0
1783,_58_6.jpeg,0
1057,_38_5716.jpeg,0
1112,_3_2971.jpeg,0
1529,_50_703.jpeg,0
2218,_6_656.jpeg,0
2369,_74_3501.jpeg,0
1300,_44_9075.jpeg,0
402,_1_9655.jpeg,0
485,_22_4005.jpeg,0
306,_18_1743.jpeg,0
1114,_3_3644.jpeg,0
47,_10_3901.jpeg,0
530,_23_755.jpeg,0
2012,_64_4858.jpeg,0
436,_20_8976.jpeg,0
831,_31_7596.jpeg,0
415,_20_2842.jpeg,0
1865,_5_9527.jpeg,0
413,_20_2636.jpeg,0
902,_33_9603.jpeg,0
1292,_44_7634.jpeg,0
664,_27_8510.jpeg,0
1127,_3_7802.jpeg,0
2266,_71_1610.jpeg,0
2130,_68_1546.jpeg,0
2146,_68_5794.jpeg,0
228,_15_6946.jpeg,0
2042,_65_4568.jpeg,0
2040,_65_4026.jpeg,0
1895,_60_8687.jpeg,0
1573,_52_2949.jpeg,0
2001,_64_174.jpeg,0
2324,_72_9274.jpeg,0
1641,_54_3116.jpeg,0
1016,_37_3867.jpeg,0
2085,_66_6808.jpeg,0
809,_31_1564.jpeg,0
842,_32_1223.jpeg,0
1170,_40_9435.jpeg,0
1818,_59_6132.jpeg,0
1449,_49_5230.jpeg,0
289,_17_5233.jpeg,0
543,_24_118.jpeg,0
1769,_58_1463.jpeg,0
1255,_43_5875.jpeg,0
1296,_44_8118.jpeg,0
1558,_51_6100.jpeg,0
770,_2_9172.jpeg,0
2323,_72_902.jpeg,0
2098,_67_1827.jpeg,0
2237,_70_2157.jpeg,0
1863,_5_9084.jpeg,0
1830,_59_9323.jpeg,0
1153,_40_6593.jpeg,0
214,_15_3038.jpeg,0
171,_14_1611.jpeg,0
995,_36_7161.jpeg,0
2267,_71_20.jpeg,0
619,_26_4595.jpeg,0
1089,_39_5421.jpeg,0
86,_11_7178.jpeg,0
0,_0_1169.jpeg,0
1671,_55_2200.jpeg,0
1387,_47_5584.jpeg,0
1977,_63_3875.jpeg,0
704,_28_8438.jpeg,0
1760,_57_8211.jpeg,0
1276,_44_2549.jpeg,0
2020,_64_6302.jpeg,0
2396,_7_1244.jpeg,0
500,_22_8142.jpeg,0
307,_18_2243.jpeg,0
2488,_9_8352.jpeg,0
1657,_54_6983.jpeg,0
1421,_48_6124.jpeg,0
2362,_74_1805.jpeg,0
1475,_4_2454.jpeg,0
244,_16_4301.jpeg,0
1658,_54_7104.jpeg,0
553,_24_3517.jpeg,0
1645,_54_4597.jpeg,0
1000,_36_8498.jpeg,0
2331,_73_1295.jpeg,0
1926,_61_7592.jpeg,0
1993,_63_8885.jpeg,0
1091,_39_5607.jpeg,0
1017,_37_4476.jpeg,0
2460,_8_9757.jpeg,0
2239,_70_3374.jpeg,0
2401,_7_3749.jpeg,0
751,_2_4845.jpeg,0
2358,_73_9249.jpeg,0
74,_11_2554.jpeg,0
2015,_64_5154.jpeg,0
1644,_54_4497.jpeg,0
1435,_48_9934.jpeg,0
2485,_9_7681.jpeg,0
2421,_7_8978.jpeg,0
2415,_7_7098.jpeg,0
15,_0_6149.jpeg,0
201,_14_9751.jpeg,0
1710,_56_2452.jpeg,0
1124,_3_6862.jpeg,0
317,_18_3809.jpeg,0
392,_1_7351.jpeg,0
1867,_60_1515.jpeg,0
331,_18_8551.jpeg,0
1627,_53_802.jpeg,0
1429,_48_867.jpeg,0
2291,_71_7905.jpeg,0
1155,_40_6986.jpeg,0
2166,_69_2313.jpeg,0
1207,_42_1756.jpeg,0
221,_15_447.jpeg,0
1147,_40_3971.jpeg,0
2229,_6_8967.jpeg,0
1798,_58_9461.jpeg,0
2150,_68_6467.jpeg,0
410,_20_218.jpeg,0
1347,_46_3340.jpeg,0
345,_19_2600.jpeg,0
1850,_5_6561.jpeg,0
329,_18_8114.jpeg,0
2393,_74_9480.jpeg,0
2181,_69_7449.jpeg,0
1847,_5_566.jpeg,0
1102,_39_8898.jpeg,0
1966,_63_1070.jpeg,0
1927,_61_7680.jpeg,0
2468,_9_4276.jpeg,0
730,_29_7135.jpeg,0
632,_26_854.jpeg,0
1505,_50_1936.jpeg,0
2262,_70_9756.jpeg,0
1896,_60_9227.jpeg,0
246,_16_4564.jpeg,0
1639,_54_1653.jpeg,0
1438,_49_148.jpeg,0
1422,_48_6475.jpeg,0
2424,_7_946.jpeg,0
1113,_3_317.jpeg,0
2484,_9_727.jpeg,0
980,_36_2929.jpeg,0
944,_35_2545.jpeg,0
834,_31_8675.jpeg,0
1767,_58_1096.jpeg,0
566,_24_7508.jpeg,0
153,_13_6386.jpeg,0
1489,_4_6300.jpeg,0
836,_31_8771.jpeg,0
1149,_40_4675.jpeg,0
1540,_51_2471.jpeg,0
502,_22_8788.jpeg,0
298,_17_8927.jpeg,0
270,_16_9948.jpeg,0
2297,_72_1255.jpeg,0
1168,_40_881.jpeg,0
624,_26_5642.jpeg,0
1940,_62_4511.jpeg,0
610,_26_1528.jpeg,0
294,_17_8380.jpeg,0
852,_32_4327.jpeg,0
1915,_61_5634.jpeg,0
895,_33_5940.jpeg,0
512,_23_1672.jpeg,0
2450,_8_6905.jpeg,0
101,_12_1311.jpeg,0
131,_12_9389.jpeg,0
1137,_3_9659.jpeg,0
191,_14_8041.jpeg,0
212,_15_2683.jpeg,0
1815,_59_5601.jpeg,0
1177,_41_2064.jpeg,0
1550,_51_421.jpeg,0
838,_31_9420.jpeg,0
127,_12_8175.jpeg,0
1700,_55_9828.jpeg,0
1979,_63_4019.jpeg,0
2092,_66_8913.jpeg,0
242,_16_307.jpeg,0
300,_17_9411.jpeg,0
1539,_51_1710.jpeg,0
540,_23_9650.jpeg,0
2466,_9_280.jpeg,0
184,_14_6871.jpeg,0
994,_36_7147.jpeg,0
1322,_45_572.jpeg,0
1839,_5_2733.jpeg,0
810,_31_1626.jpeg,0
1687,_55_586.jpeg,0
659,_27_5709.jpeg,0
652,_27_4399.jpeg,0
1319,_45_4625.jpeg,0
668,_27_9017.jpeg,0
438,_20_9478.jpeg,0
2371,_74_357.jpeg,0
1023,_37_5730.jpeg,0
1094,_39_7221.jpeg,0
1502,_4_955.jpeg,0
1800,_59_104.jpeg,0
1019,_37_5032.jpeg,0
630,_26_6854.jpeg,0
1650,_54_605.jpeg,0
699,_28_7240.jpeg,0
1854,_5_7118.jpeg,0
981,_36_2949.jpeg,0
1632,_53_9237.jpeg,0
1199,_41_8013.jpeg,0
871,_32_9408.jpeg,0
718,_29_2862.jpeg,0
144,_13_33.jpeg,0
1902,_61_1991.jpeg,0
75,_11_2648.jpeg,0
1003,_36_9757.jpeg,0
782,_30_4286.jpeg,0
1103,_39_9232.jpeg,0
2173,_69_6023.jpeg,0
1766,_57_9679.jpeg,0
2423,_7_9270.jpeg,0
30,_0_9284.jpeg,0
1877,_60_3921.jpeg,0
1686,_55_5512.jpeg,0
2384,_74_7641.jpeg,0
911,_34_3554.jpeg,0
334,_18_9690.jpeg,0
2215,_6_6132.jpeg,0
1453,_49_5703.jpeg,0
788,_30_5926.jpeg,0
936,_34_9499.jpeg,0
1130,_3_8381.jpeg,0
1652,_54_6300.jpeg,0
2275,_71_3294.jpeg,0
787,_30_5463.jpeg,0
1820,_59_6915.jpeg,0
1420,_48_6082.jpeg,0
2082,_66_544.jpeg,0
1719,_56_4477.jpeg,0
1806,_59_3414.jpeg,0
1546,_51_3900.jpeg,0
650,_27_3380.jpeg,0
2363,_74_2059.jpeg,0
1913,_61_5203.jpeg,0
255,_16_6381.jpeg,0
826,_31_6343.jpeg,0
1334,_45_876.jpeg,0
528,_23_6225.jpeg,0
2026,_64_793.jpeg,0
2381,_74_6391.jpeg,0
2292,_71_8217.jpeg,0
490,_22_580.jpeg,0
2491,_9_8953.jpeg,0
1209,_42_2163.jpeg,0
1777,_58_5060.jpeg,0
1707,_56_2097.jpeg,0
563,_24_6381.jpeg,0
1231,_42_775.jpeg,0
1482,_4_4937.jpeg,0
1728,_56_8186.jpeg,0
696,_28_6400.jpeg,0
689,_28_4830.jpeg,0
357,_19_6521.jpeg,0
1497,_4_8408.jpeg,0
1985,_63_5441.jpeg,0
2104,_67_3380.jpeg,0
1506,_50_2084.jpeg,0
844,_32_1924.jpeg,0
386,_1_5904.jpeg,0
1080,_39_2968.jpeg,0
1621,_53_6204.jpeg,0
919,_34_5502.jpeg,0
2368,_74_314.jpeg,0
1055,_38_5280.jpeg,0
199,_14_9466.jpeg,0
2461,_8_9869.jpeg,0
1397,_47_8470.jpeg,0
2305,_72_3008.jpeg,0
174,_14_3441.jpeg,0
2137,_68_4186.jpeg,0
343,_19_2141.jpeg,0
216,_15_340.jpeg,0
585,_25_3223.jpeg,0
1269,_43_9784.jpeg,0
516,_23_2288.jpeg,0
1126,_3_7445.jpeg,0
1035,_37_8404.jpeg,0
225,_15_6038.jpeg,0
2159,_68_9054.jpeg,0
356,_19_6177.jpeg,0
1878,_60_4405.jpeg,0
950,_35_5123.jpeg,0
843,_32_1364.jpeg,0
2212,_6_4979.jpeg,0
474,_22_1021.jpeg,0
2286,_71_5854.jpeg,0
1533,_50_9564.jpeg,0
1552,_51_5009.jpeg,0
726,_29_5074.jpeg,0
1595,_52_8937.jpeg,0
1445,_49_3739.jpeg,0
1190,_41_4393.jpeg,0
362,_19_8597.jpeg,0
1861,_5_8829.jpeg,0
2475,_9_5285.jpeg,0
1145,_40_3102.jpeg,0
1079,_39_2867.jpeg,0
1342,_46_257.jpeg,0
2296,_72_1088.jpeg,0
1698,_55_8511.jpeg,0
948,_35_4885.jpeg,0
2205,_6_3156.jpeg,0
1407,_48_1609.jpeg,0
1010,_37_2095.jpeg,0
1606,_53_1962.jpeg,0
815,_31_3181.jpeg,0
1717,_56_4160.jpeg,0
265,_16_8741.jpeg,0
1488,_4_6068.jpeg,0
1942,_62_4635.jpeg,0
104,_12_1905.jpeg,0
904,_33_9771.jpeg,0
1935,_62_2086.jpeg,0
1029,_37_6681.jpeg,0
3063,_15_1971.jpeg,1
4091,_25_4839.jpeg,1
3547,_1_5569.jpeg,1
3704,_21_205.jpeg,1
2912,_13_55.jpeg,1
3769,_21_8406.jpeg,1
3368,_18_4743.jpeg,1
3879,_23_1394.jpeg,1
4120,_25_7525.jpeg,1
2674,_10_9678.jpeg,1
4381,_3_5759.jpeg,1
4260,_2_2437.jpeg,1
4075,_25_2978.jpeg,1
3434,_19_2606.jpeg,1
4633,_6_2395.jpeg,1
2927,_13_7232.jpeg,1
4772,_7_7784.jpeg,1
3696,_21_1176.jpeg,1
4312,_2_8002.jpeg,1
4517,_4_9510.jpeg,1
2785,_12_264.jpeg,1
4469,_4_5575.jpeg,1
4344,_3_2437.jpeg,1
3082,_15_3820.jpeg,1
3161,_16_2888.jpeg,1
4462,_4_4599.jpeg,1
4666,_6_529.jpeg,1
3608,_20_1412.jpeg,1
3952,_23_8477.jpeg,1
3917,_23_4501.jpeg,1
4513,_4_9180.jpeg,1
3243,_17_1612.jpeg,1
4632,_6_229.jpeg,1
4846,_8_6293.jpeg,1
4251,_2_1982.jpeg,1
3390,_18_6659.jpeg,1
3777,_21_9343.jpeg,1
3037,_14_8610.jpeg,1
3493,_19_7768.jpeg,1
3546,_1_5503.jpeg,1
4576,_5_6272.jpeg,1
3253,_17_336.jpeg,1
4805,_8_2182.jpeg,1
4758,_7_5990.jpeg,1
3862,_22_8913.jpeg,1
4071,_25_2733.jpeg,1
4557,_5_4813.jpeg,1
4302,_2_6184.jpeg,1
3103,_15_6004.jpeg,1
4760,_7_6563.jpeg,1
2779,_12_1389.jpeg,1
3476,_19_6510.jpeg,1
3931,_23_5470.jpeg,1
3603,_20_1091.jpeg,1
4475,_4_6228.jpeg,1
2500,_0_1437.jpeg,1
3768,_21_8405.jpeg,1
2615,_10_3966.jpeg,1
3695,_21_1054.jpeg,1
4876,_8_9169.jpeg,1
3773,_21_8667.jpeg,1
4206,_26_6667.jpeg,1
3009,_14_5941.jpeg,1
3645,_20_5051.jpeg,1
4417,_3_8504.jpeg,1
2664,_10_8688.jpeg,1
3275,_17_5168.jpeg,1
4601,_5_8290.jpeg,1
3348,_18_2998.jpeg,1
3221,_16_8418.jpeg,1
2870,_13_1349.jpeg,1
4790,_7_9042.jpeg,1
3215,_16_8085.jpeg,1
4699,_6_9651.jpeg,1
3166,_16_3168.jpeg,1
4490,_4_7280.jpeg,1
4103,_25_5714.jpeg,1
2803,_12_415.jpeg,1
3344,_18_2847.jpeg,1
4471,_4_6014.jpeg,1
3229,_16_9243.jpeg,1
4363,_3_4041.jpeg,1
3306,_17_8031.jpeg,1
2745,_11_7162.jpeg,1
2577,_0_8466.jpeg,1
2982,_14_3628.jpeg,1
4759,_7_615.jpeg,1
4567,_5_5560.jpeg,1
4958,_9_8050.jpeg,1
3347,_18_293.jpeg,1
4062,_25_1909.jpeg,1
4695,_6_9061.jpeg,1
2588,_0_9939.jpeg,1
4770,_7_7646.jpeg,1
4934,_9_5319.jpeg,1
3284,_17_5624.jpeg,1
3075,_15_3030.jpeg,1
4070,_25_2657.jpeg,1
3182,_16_424.jpeg,1
3984,_24_2388.jpeg,1
3572,_1_8032.jpeg,1
4855,_8_6941.jpeg,1
2932,_13_7589.jpeg,1
4383,_3_5941.jpeg,1
3287,_17_5673.jpeg,1
4740,_7_4317.jpeg,1
3301,_17_7300.jpeg,1
3578,_1_8373.jpeg,1
4325,_2_9047.jpeg,1
2836,_12_6318.jpeg,1
3328,_18_1172.jpeg,1
2958,_13_9827.jpeg,1
4819,_8_3725.jpeg,1
3909,_23_4012.jpeg,1
4150,_26_1036.jpeg,1
4481,_4_6789.jpeg,1
3492,_19_7568.jpeg,1
4112,_25_6675.jpeg,1
3336,_18_1963.jpeg,1
3731,_21_5400.jpeg,1
4239,_26_9810.jpeg,1
3968,_24_1057.jpeg,1
2529,_0_3912.jpeg,1
3944,_23_6808.jpeg,1
3379,_18_5886.jpeg,1
4061,_25_1848.jpeg,1
4385,_3_607.jpeg,1
2623,_10_4395.jpeg,1
4020,_24_643.jpeg,1
3527,_1_4167.jpeg,1
4905,_9_2394.jpeg,1
4297,_2_5587.jpeg,1
4788,_7_8997.jpeg,1
3687,_20_9015.jpeg,1
3895,_23_2677.jpeg,1
3443,_19_3590.jpeg,1
3737,_21_574.jpeg,1
2993,_14_4346.jpeg,1
3242,_17_1458.jpeg,1
3394,_18_6715.jpeg,1
4445,_4_2733.jpeg,1
3623,_20_2898.jpeg,1
3460,_19_5215.jpeg,1
3950,_23_7970.jpeg,1
4394,_3_6978.jpeg,1
4057,_24_9949.jpeg,1
2531,_0_4217.jpeg,1
2691,_11_1694.jpeg,1
4111,_25_6644.jpeg,1
3205,_16_6619.jpeg,1
3599,_1_96.jpeg,1
2775,_12_1246.jpeg,1
4761,_7_6594.jpeg,1
2951,_13_8810.jpeg,1
4598,_5_8084.jpeg,1
4324,_2_9030.jpeg,1
3746,_21_6279.jpeg,1
2816,_12_5195.jpeg,1
3657,_20_6296.jpeg,1
3733,_21_5518.jpeg,1
3514,_1_2040.jpeg,1
4821,_8_3811.jpeg,1
3244,_17_1780.jpeg,1
3186,_16_4800.jpeg,1
3185,_16_4772.jpeg,1
4868,_8_8525.jpeg,1
3801,_22_314.jpeg,1
3156,_16_2307.jpeg,1
4932,_9_5253.jpeg,1
3395,_18_6943.jpeg,1
4262,_2_2521.jpeg,1
2612,_10_3777.jpeg,1
4538,_5_3257.jpeg,1
2759,_11_8847.jpeg,1
3651,_20_5709.jpeg,1
3652,_20_5714.jpeg,1
3206,_16_6838.jpeg,1
3333,_18_1593.jpeg,1
4296,_2_551.jpeg,1
2538,_0_5239.jpeg,1
3193,_16_5405.jpeg,1
4064,_25_1998.jpeg,1
4393,_3_6881.jpeg,1
3129,_15_8125.jpeg,1
3405,_18_8568.jpeg,1
3219,_16_8284.jpeg,1
3251,_17_3313.jpeg,1
2761,_11_8881.jpeg,1
2567,_0_7084.jpeg,1
2526,_0_3731.jpeg,1
4869,_8_8565.jpeg,1
3422,_19_1440.jpeg,1
4815,_8_3073.jpeg,1
2747,_11_7722.jpeg,1
2996,_14_4645.jpeg,1
3718,_21_3958.jpeg,1
4647,_6_3492.jpeg,1
2734,_11_6452.jpeg,1
3693,_20_9721.jpeg,1
4773,_7_7792.jpeg,1
3084,_15_4064.jpeg,1
4343,_3_2173.jpeg,1
4564,_5_5330.jpeg,1
3197,_16_5600.jpeg,1
3121,_15_7541.jpeg,1
4665,_6_5288.jpeg,1
3549,_1_5842.jpeg,1
4853,_8_6688.jpeg,1
4540,_5_3510.jpeg,1
3109,_15_6336.jpeg,1
4924,_9_4575.jpeg,1
4384,_3_6060.jpeg,1
4218,_26_7918.jpeg,1
4531,_5_210.jpeg,1
4155,_26_1218.jpeg,1
2680,_10_9931.jpeg,1
3027,_14_7983.jpeg,1
2562,_0_687.jpeg,1
2554,_0_6114.jpeg,1
4902,_9_2262.jpeg,1
3402,_18_8369.jpeg,1
2673,_10_9562.jpeg,1
4683,_6_8220.jpeg,1
3683,_20_8762.jpeg,1
4345,_3_2441.jpeg,1
3621,_20_2761.jpeg,1
3356,_18_3552.jpeg,1
4131,_25_8219.jpeg,1
3478,_19_6621.jpeg,1
3147,_16_1118.jpeg,1
4912,_9_3337.jpeg,1
4584,_5_6697.jpeg,1
4452,_4_3329.jpeg,1
4792,_7_9627.jpeg,1
2635,_10_5786.jpeg,1
3339,_18_2482.jpeg,1
2742,_11_6990.jpeg,1
4952,_9_6827.jpeg,1
4949,_9_6652.jpeg,1
4596,_5_7897.jpeg,1
4616,_6_1354.jpeg,1
4615,_6_1298.jpeg,1
4073,_25_2842.jpeg,1
2728,_11_5179.jpeg,1
4969,_9_8931.jpeg,1
3307,_17_8150.jpeg,1
4390,_3_6773.jpeg,1
4752,_7_5518.jpeg,1
3759,_21_7615.jpeg,1
3108,_15_6296.jpeg,1
3497,_19_8304.jpeg,1
4213,_26_7322.jpeg,1
2874,_13_1684.jpeg,1
3340,_18_2587.jpeg,1
4303,_2_6342.jpeg,1
2603,_10_2089.jpeg,1
4550,_5_4297.jpeg,1
3479,_19_6747.jpeg,1
3273,_17_4765.jpeg,1
3898,_23_2744.jpeg,1
3475,_19_6504.jpeg,1
2652,_10_7507.jpeg,1
3901,_23_2987.jpeg,1
4026,_24_6992.jpeg,1
3523,_1_3110.jpeg,1
4690,_6_8725.jpeg,1
3017,_14_7145.jpeg,1
3204,_16_6405.jpeg,1
4505,_4_8620.jpeg,1
2701,_11_2728.jpeg,1
3919,_23_4523.jpeg,1
4138,_25_8587.jpeg,1
4974,_9_9682.jpeg,1
3783,_21_9918.jpeg,1
4252,_2_2119.jpeg,1
3033,_14_8262.jpeg,1
3660,_20_6783.jpeg,1
4574,_5_5931.jpeg,1
3928,_23_5074.jpeg,1
3004,_14_5427.jpeg,1
3175,_16_4064.jpeg,1
4523,_5_1519.jpeg,1
3165,_16_3149.jpeg,1
3413,_18_9111.jpeg,1
4751,_7_5453.jpeg,1
3223,_16_8442.jpeg,1
3500,_19_9082.jpeg,1
2608,_10_3075.jpeg,1
2997,_14_4780.jpeg,1
3507,_19_9767.jpeg,1
4307,_2_6855.jpeg,1
2861,_12_9019.jpeg,1
3154,_16_2115.jpeg,1
3370,_18_5168.jpeg,1
4407,_3_7754.jpeg,1
4351,_3_3152.jpeg,1
4649,_6_3728.jpeg,1
3544,_1_5469.jpeg,1
3490,_19_7472.jpeg,1
4477,_4_6419.jpeg,1
2801,_12_4105.jpeg,1
4479,_4_6560.jpeg,1
3831,_22_6045.jpeg,1
3626,_20_3113.jpeg,1
4045,_24_9142.jpeg,1
2544,_0_547.jpeg,1
3797,_22_2845.jpeg,1
3610,_20_1703.jpeg,1
3646,_20_5078.jpeg,1
3692,_20_9710.jpeg,1
3825,_22_561.jpeg,1
4641,_6_2999.jpeg,1
3815,_22_4724.jpeg,1
3313,_17_8667.jpeg,1
2999,_14_5028.jpeg,1
4801,_8_1870.jpeg,1
4162,_26_226.jpeg,1
3086,_15_4187.jpeg,1
3505,_19_9626.jpeg,1
2933,_13_7590.jpeg,1
2725,_11_5051.jpeg,1
3107,_15_6290.jpeg,1
4304,_2_6370.jpeg,1
3838,_22_7165.jpeg,1
3650,_20_5693.jpeg,1
3322,_17_9224.jpeg,1
4467,_4_5293.jpeg,1
4852,_8_6592.jpeg,1
4447,_4_2796.jpeg,1
3416,_18_9696.jpeg,1
4901,_9_2187.jpeg,1
4484,_4_6916.jpeg,1
3816,_22_4748.jpeg,1
4299,_2_5931.jpeg,1
4197,_26_5974.jpeg,1
2786,_12_2647.jpeg,1
4013,_24_5776.jpeg,1
4789,_7_9001.jpeg,1
3740,_21_6008.jpeg,1
3781,_21_9713.jpeg,1
4117,_25_7371.jpeg,1
2910,_13_5226.jpeg,1
3285,_17_5626.jpeg,1
4686,_6_8558.jpeg,1
4885,_8_9825.jpeg,1
4055,_24_9835.jpeg,1
3640,_20_4729.jpeg,1
2711,_11_3261.jpeg,1
2668,_10_8955.jpeg,1
4209,_26_6980.jpeg,1
4330,_2_9591.jpeg,1
4056,_24_9937.jpeg,1
4766,_7_7079.jpeg,1
2583,_0_9113.jpeg,1
2497,_0_1063.jpeg,1
4154,_26_116.jpeg,1
4678,_6_7157.jpeg,1
4173,_26_3118.jpeg,1
4785,_7_8508.jpeg,1
4440,_4_2605.jpeg,1
3583,_1_8643.jpeg,1
3665,_20_7009.jpeg,1
4328,_2_9404.jpeg,1
4729,_7_3261.jpeg,1
2804,_12_4304.jpeg,1
3789,_22_1819.jpeg,1
4525,_5_1743.jpeg,1
4796,_8_1292.jpeg,1
2992,_14_4338.jpeg,1
3526,_1_3815.jpeg,1
2741,_11_6955.jpeg,1
4141,_25_8916.jpeg,1
3040,_14_8908.jpeg,1
4506,_4_8644.jpeg,1
3227,_16_8926.jpeg,1
4168,_26_2780.jpeg,1
4405,_3_7693.jpeg,1
4042,_24_8800.jpeg,1
3201,_16_6158.jpeg,1
3498,_19_8886.jpeg,1
4362,_3_3948.jpeg,1
4560,_5_5083.jpeg,1
3518,_1_2644.jpeg,1
3441,_19_3300.jpeg,1
3714,_21_3365.jpeg,1
2571,_0_747.jpeg,1
2899,_13_4419.jpeg,1
3520,_1_280.jpeg,1
3767,_21_8368.jpeg,1
3304,_17_781.jpeg,1
4623,_6_1574.jpeg,1
3349,_18_3078.jpeg,1
2512,_0_2630.jpeg,1
2698,_11_2545.jpeg,1
2942,_13_8297.jpeg,1
3611,_20_1791.jpeg,1
2814,_12_5043.jpeg,1
2889,_13_3384.jpeg,1
4347,_3_2704.jpeg,1
2828,_12_594.jpeg,1
3216,_16_8124.jpeg,1
4151,_26_106.jpeg,1
4675,_6_6821.jpeg,1
3642,_20_4893.jpeg,1
4651,_6_3828.jpeg,1
4811,_8_2530.jpeg,1
2718,_11_4504.jpeg,1
3634,_20_4169.jpeg,1
2980,_14_3575.jpeg,1
4504,_4_8454.jpeg,1
3992,_24_384.jpeg,1
2907,_13_4885.jpeg,1
4039,_24_8379.jpeg,1
2842,_12_7250.jpeg,1
3915,_23_4453.jpeg,1
2826,_12_5845.jpeg,1
3609,_20_1464.jpeg,1
4327,_2_9132.jpeg,1
3525,_1_3808.jpeg,1
4444,_4_2718.jpeg,1
3953,_23_8500.jpeg,1
4386,_3_6096.jpeg,1
4849,_8_640.jpeg,1
4235,_26_9585.jpeg,1
3338,_18_2287.jpeg,1
3226,_16_8890.jpeg,1
4376,_3_514.jpeg,1
2743,_11_7021.jpeg,1
4714,_7_2199.jpeg,1
3049,_14_9653.jpeg,1
3906,_23_3322.jpeg,1
4273,_2_3214.jpeg,1
4255,_2_2166.jpeg,1
4602,_5_8441.jpeg,1
3426,_19_1822.jpeg,1
3317,_17_8998.jpeg,1
4035,_24_814.jpeg,1
3373,_18_5583.jpeg,1
2650,_10_719.jpeg,1
3689,_20_9094.jpeg,1
4320,_2_8743.jpeg,1
4454,_4_3557.jpeg,1
4087,_25_4558.jpeg,1
3577,_1_8348.jpeg,1
2795,_12_3242.jpeg,1
2767,_11_9456.jpeg,1
4782,_7_833.jpeg,1
4125,_25_7881.jpeg,1
4418,_3_8524.jpeg,1
3631,_20_3960.jpeg,1
2791,_12_2829.jpeg,1
3335,_18_1761.jpeg,1
3234,_16_9604.jpeg,1
3362,_18_3980.jpeg,1
4279,_2_3836.jpeg,1
3822,_22_5197.jpeg,1
2598,_10_1797.jpeg,1
2628,_10_4875.jpeg,1
3624,_20_2900.jpeg,1
2688,_11_1335.jpeg,1
2709,_11_3163.jpeg,1
3663,_20_6945.jpeg,1
4034,_24_8090.jpeg,1
4065,_25_2122.jpeg,1
2624,_10_440.jpeg,1
4897,_9_1754.jpeg,1
3060,_15_1918.jpeg,1
4577,_5_6277.jpeg,1
2739,_11_6737.jpeg,1
2797,_12_3571.jpeg,1
4738,_7_4233.jpeg,1
3144,_15_9918.jpeg,1
3127,_15_8098.jpeg,1
2681,_10_9982.jpeg,1
4310,_2_7742.jpeg,1
4663,_6_498.jpeg,1
3277,_17_5240.jpeg,1
3855,_22_8200.jpeg,1
4271,_2_3135.jpeg,1
4847,_8_6300.jpeg,1
4950,_9_6693.jpeg,1
4859,_8_750.jpeg,1
3543,_1_5436.jpeg,1
2935,_13_7743.jpeg,1
3410,_18_8891.jpeg,1
3504,_19_9399.jpeg,1
3397,_18_7678.jpeg,1
3454,_19_4913.jpeg,1
4371,_3_4874.jpeg,1
4331,_2_9597.jpeg,1
3116,_15_704.jpeg,1
4439,_4_2505.jpeg,1
3412,_18_9043.jpeg,1
4377,_3_5402.jpeg,1
4865,_8_8192.jpeg,1
4487,_4_7185.jpeg,1
3981,_24_2285.jpeg,1
4184,_26_4743.jpeg,1
4765,_7_7005.jpeg,1
2975,_14_3117.jpeg,1
3486,_19_7326.jpeg,1
2641,_10_6251.jpeg,1
4382,_3_5868.jpeg,1
2572,_0_750.jpeg,1
3959,_23_9161.jpeg,1
3580,_1_8425.jpeg,1
4216,_26_7577.jpeg,1
4768,_7_7193.jpeg,1
4127,_25_8017.jpeg,1
4084,_25_380.jpeg,1
3358,_18_3616.jpeg,1
3015,_14_7000.jpeg,1
4800,_8_1855.jpeg,1
2527,_0_3855.jpeg,1
3882,_23_1463.jpeg,1
4877,_8_9203.jpeg,1
3392,_18_6674.jpeg,1
4336,_3_1162.jpeg,1
2831,_12_6000.jpeg,1
4700,_6_9687.jpeg,1
3937,_23_6020.jpeg,1
4446,_4_2746.jpeg,1
4498,_4_8240.jpeg,1
3870,_22_9486.jpeg,1
4921,_9_4348.jpeg,1
4023,_24_6495.jpeg,1
3967,_23_9834.jpeg,1
3958,_23_9082.jpeg,1
3766,_21_8258.jpeg,1
3472,_19_6196.jpeg,1
3904,_23_3170.jpeg,1
3723,_21_4323.jpeg,1
3935,_23_60.jpeg,1
3382,_18_6083.jpeg,1
3798,_22_293.jpeg,1
3648,_20_5393.jpeg,1
2752,_11_8376.jpeg,1
3068,_15_2495.jpeg,1
3819,_22_4997.jpeg,1
3025,_14_785.jpeg,1
4499,_4_8244.jpeg,1
3436,_19_2837.jpeg,1
2987,_14_4001.jpeg,1
4718,_7_2487.jpeg,1
3261,_17_3874.jpeg,1
4922,_9_4358.jpeg,1
4923,_9_4445.jpeg,1
3050,_14_9877.jpeg,1
3717,_21_3652.jpeg,1
4658,_6_4424.jpeg,1
3772,_21_8553.jpeg,1
4551,_5_4541.jpeg,1
4114,_25_6889.jpeg,1
2854,_12_8215.jpeg,1
3674,_20_7929.jpeg,1
4463,_4_4604.jpeg,1
4589,_5_7264.jpeg,1
4391,_3_6851.jpeg,1
4875,_8_9166.jpeg,1
2883,_13_2787.jpeg,1
4644,_6_3412.jpeg,1
4491,_4_7374.jpeg,1
3401,_18_7943.jpeg,1
4001,_24_4761.jpeg,1
3542,_1_5278.jpeg,1
2696,_11_2363.jpeg,1
3341,_18_2615.jpeg,1
3925,_23_4843.jpeg,1
4389,_3_6772.jpeg,1
2671,_10_9330.jpeg,1
3202,_16_6324.jpeg,1
2840,_12_6959.jpeg,1
2713,_11_3540.jpeg,1
4845,_8_6269.jpeg,1
3754,_21_7108.jpeg,1
3013,_14_6800.jpeg,1
4287,_2_4606.jpeg,1
4090,_25_4794.jpeg,1
2722,_11_473.jpeg,1
3557,_1_685.jpeg,1
2853,_12_8079.jpeg,1
3597,_1_9524.jpeg,1
3564,_1_7399.jpeg,1
4908,_9_2851.jpeg,1
4697,_6_9229.jpeg,1
2971,_14_2562.jpeg,1
3132,_15_8452.jpeg,1
3575,_1_8208.jpeg,1
3771,_21_8515.jpeg,1
4375,_3_5056.jpeg,1
4183,_26_4338.jpeg,1
3375,_18_5732.jpeg,1
4269,_2_2959.jpeg,1
2859,_12_8964.jpeg,1
4570,_5_5717.jpeg,1
4959,_9_8167.jpeg,1
4455,_4_3705.jpeg,1
4703,_6_9767.jpeg,1
4781,_7_8270.jpeg,1
4918,_9_4052.jpeg,1
3721,_21_4187.jpeg,1
3817,_22_48.jpeg,1
3810,_22_4070.jpeg,1
3491,_19_7510.jpeg,1
4204,_26_6542.jpeg,1
3323,_17_937.jpeg,1
4587,_5_6976.jpeg,1
2762,_11_8933.jpeg,1
3972,_24_1337.jpeg,1
4420,_3_8632.jpeg,1
2601,_10_1881.jpeg,1
4118,_25_7407.jpeg,1
4043,_24_8801.jpeg,1
3515,_1_206.jpeg,1
2991,_14_4300.jpeg,1
4100,_25_5578.jpeg,1
3267,_17_4053.jpeg,1
4147,_25_9870.jpeg,1
2618,_10_4079.jpeg,1
4791,_7_9226.jpeg,1
4712,_7_2086.jpeg,1
5174,_10_3357.jpeg,2
6821,_5_8866.jpeg,2
5382,_11_605.jpeg,2
7141,_7_9573.jpeg,2
5244,_10_7445.jpeg,2
6005,_15_6659.jpeg,2
6892,_6_3666.jpeg,2
7218,_8_5186.jpeg,2
6027,_15_817.jpeg,2
6523,_3_9577.jpeg,2
6241,_2_2334.jpeg,2
5831,_14_5304.jpeg,2
7392,_9_5837.jpeg,2
5071,_0_5888.jpeg,2
6389,_3_2650.jpeg,2
6469,_3_704.jpeg,2
6979,_6_9158.jpeg,2
6230,_2_1668.jpeg,2
6350,_2_906.jpeg,2
5441,_11_9975.jpeg,2
5475,_12_2840.jpeg,2
5157,_10_2456.jpeg,2
6418,_3_4029.jpeg,2
6190,_1_8359.jpeg,2
6888,_6_3567.jpeg,2
5098,_0_7639.jpeg,2
6956,_6_8225.jpeg,2
5919,_15_1815.jpeg,2
5217,_10_5814.jpeg,2
6914,_6_5204.jpeg,2
6175,_1_7224.jpeg,2
6600,_4_5318.jpeg,2
7299,_8_9765.jpeg,2
5880,_14_8810.jpeg,2
6525,_3_9680.jpeg,2
5551,_12_7061.jpeg,2
7455,_9_9889.jpeg,2
6656,_4_8262.jpeg,2
5709,_13_7620.jpeg,2
6548,_4_2292.jpeg,2
6693,_5_1586.jpeg,2
5567,_12_8124.jpeg,2
5856,_14_6971.jpeg,2
7034,_7_3794.jpeg,2
5706,_13_7562.jpeg,2
6564,_4_3272.jpeg,2
7042,_7_3931.jpeg,2
5680,_13_6053.jpeg,2
7026,_7_3346.jpeg,2
5649,_13_4140.jpeg,2
6094,_1_2745.jpeg,2
4983,_0_1400.jpeg,2
5710,_13_7678.jpeg,2
6850,_6_1607.jpeg,2
5669,_13_5238.jpeg,2
5147,_10_1844.jpeg,2
6586,_4_4577.jpeg,2
6250,_2_2809.jpeg,2
5262,_10_8351.jpeg,2
7127,_7_8733.jpeg,2
7402,_9_6786.jpeg,2
6580,_4_4064.jpeg,2
6043,_15_8943.jpeg,2
5724,_13_853.jpeg,2
5960,_15_4426.jpeg,2
6785,_5_6903.jpeg,2
5592,_12_9656.jpeg,2
5353,_11_4244.jpeg,2
6727,_5_3448.jpeg,2
6082,_1_205.jpeg,2
6740,_5_3760.jpeg,2
6026,_15_8155.jpeg,2
5975,_15_5081.jpeg,2
6320,_2_7471.jpeg,2
5284,_10_9828.jpeg,2
6858,_6_2252.jpeg,2
6408,_3_3785.jpeg,2
5787,_14_2686.jpeg,2
7419,_9_7687.jpeg,2
5225,_10_6104.jpeg,2
7436,_9_8821.jpeg,2
5060,_0_5226.jpeg,2
6677,_4_9774.jpeg,2
5966,_15_4671.jpeg,2
6425,_3_4410.jpeg,2
6610,_4_5823.jpeg,2
6402,_3_3469.jpeg,2
5941,_15_3256.jpeg,2
7293,_8_9527.jpeg,2
5416,_11_7943.jpeg,2
5801,_14_3410.jpeg,2
6348,_2_8953.jpeg,2
6694,_5_1607.jpeg,2
5839,_14_5969.jpeg,2
7192,_8_4041.jpeg,2
6688,_5_1373.jpeg,2
7331,_9_2483.jpeg,2
5816,_14_4237.jpeg,2
5434,_11_9244.jpeg,2
6638,_4_7204.jpeg,2
7385,_9_5519.jpeg,2
5599,_13_1061.jpeg,2
7243,_8_6581.jpeg,2
5487,_12_3506.jpeg,2
6959,_6_8313.jpeg,2
5895,_14_9471.jpeg,2
6981,_6_9242.jpeg,2
7344,_9_3000.jpeg,2
5106,_0_8135.jpeg,2
5569,_12_8278.jpeg,2
6828,_5_9109.jpeg,2
5807,_14_3840.jpeg,2
6506,_3_8326.jpeg,2
6486,_3_745.jpeg,2
6494,_3_7899.jpeg,2
5012,_0_2955.jpeg,2
5228,_10_6272.jpeg,2
5930,_15_2445.jpeg,2
6388,_3_2524.jpeg,2
6137,_1_5061.jpeg,2
5736,_13_91.jpeg,2
6626,_4_6672.jpeg,2
5974,_15_5045.jpeg,2
6625,_4_6593.jpeg,2
5698,_13_6809.jpeg,2
5357,_11_4593.jpeg,2
6351,_2_9066.jpeg,2
6735,_5_3648.jpeg,2
6029,_15_8402.jpeg,2
7400,_9_6426.jpeg,2
6229,_2_1661.jpeg,2
6973,_6_9021.jpeg,2
6957,_6_8260.jpeg,2
5823,_14_4566.jpeg,2
5827,_14_4942.jpeg,2
7396,_9_6195.jpeg,2
5479,_12_3092.jpeg,2
7144,_7_9866.jpeg,2
7354,_9_3583.jpeg,2
6378,_3_1758.jpeg,2
6541,_4_1644.jpeg,2
5997,_15_6099.jpeg,2
5014,_0_3091.jpeg,2
5756,_14_1129.jpeg,2
7324,_9_2037.jpeg,2
6878,_6_3005.jpeg,2
7189,_8_4016.jpeg,2
6146,_1_561.jpeg,2
6150,_1_5800.jpeg,2
5344,_11_3621.jpeg,2
5689,_13_6488.jpeg,2
7249,_8_7125.jpeg,2
7247,_8_6993.jpeg,2
6373,_3_1236.jpeg,2
6000,_15_6209.jpeg,2
7297,_8_9687.jpeg,2
7239,_8_6424.jpeg,2
7082,_7_6104.jpeg,2
5268,_10_8854.jpeg,2
7036,_7_3804.jpeg,2
5665,_13_4977.jpeg,2
6074,_1_1435.jpeg,2
6427,_3_4417.jpeg,2
7200,_8_4246.jpeg,2
6513,_3_8831.jpeg,2
5873,_14_8062.jpeg,2
6211,_1_9753.jpeg,2
5095,_0_7573.jpeg,2
6197,_1_9006.jpeg,2
6631,_4_6922.jpeg,2
5463,_12_2192.jpeg,2
7325,_9_2119.jpeg,2
6013,_15_7206.jpeg,2
5812,_14_4027.jpeg,2
5286,_10_9984.jpeg,2
5021,_0_3743.jpeg,2
5258,_10_8324.jpeg,2
5884,_14_8969.jpeg,2
5745,_13_942.jpeg,2
6622,_4_620.jpeg,2
7285,_8_9039.jpeg,2
5699,_13_6867.jpeg,2
6970,_6_8859.jpeg,2
5242,_10_7425.jpeg,2
5050,_0_4925.jpeg,2
5009,_0_2783.jpeg,2
7347,_9_3130.jpeg,2
6860,_6_2387.jpeg,2
5790,_14_2807.jpeg,2
5999,_15_6205.jpeg,2
6276,_2_4619.jpeg,2
6256,_2_3358.jpeg,2
7320,_9_1934.jpeg,2
5996,_15_6013.jpeg,2
6832,_5_938.jpeg,2
6178,_1_734.jpeg,2
5847,_14_6700.jpeg,2
6340,_2_8478.jpeg,2
5959,_15_4393.jpeg,2
5492,_12_3891.jpeg,2
6540,_4_163.jpeg,2
7241,_8_6462.jpeg,2
6478,_3_7280.jpeg,2
6131,_1_4655.jpeg,2
6974,_6_9036.jpeg,2
5319,_11_243.jpeg,2
6811,_5_844.jpeg,2
6871,_6_2961.jpeg,2
7167,_8_2785.jpeg,2
6429,_3_4536.jpeg,2
5163,_10_2858.jpeg,2
7248,_8_7107.jpeg,2
5045,_0_4791.jpeg,2
5037,_0_4560.jpeg,2
7207,_8_4670.jpeg,2
6877,_6_2989.jpeg,2
5156,_10_2403.jpeg,2
7161,_8_2394.jpeg,2
6117,_1_4034.jpeg,2
5546,_12_6877.jpeg,2
5648,_13_4048.jpeg,2
6461,_3_6656.jpeg,2
6608,_4_5715.jpeg,2
6926,_6_6281.jpeg,2
7303,_9_1084.jpeg,2
7390,_9_5732.jpeg,2
6265,_2_3711.jpeg,2
6252,_2_2839.jpeg,2
6135,_1_481.jpeg,2
5118,_0_9207.jpeg,2
5818,_14_4357.jpeg,2
6080,_1_1848.jpeg,2
6852,_6_1825.jpeg,2
6757,_5_4872.jpeg,2
7355,_9_3707.jpeg,2
5917,_15_1656.jpeg,2
6922,_6_5827.jpeg,2
5211,_10_5462.jpeg,2
5637,_13_3326.jpeg,2
6547,_4_2253.jpeg,2
6995,_7_1246.jpeg,2
5857,_14_7022.jpeg,2
6237,_2_1975.jpeg,2
7238,_8_6375.jpeg,2
7202,_8_4346.jpeg,2
6754,_5_4584.jpeg,2
7330,_9_2424.jpeg,2
5086,_0_6807.jpeg,2
6091,_1_2586.jpeg,2
6124,_1_4346.jpeg,2
7079,_7_5923.jpeg,2
5543,_12_6736.jpeg,2
5760,_14_1312.jpeg,2
5731,_13_8936.jpeg,2
5726,_13_874.jpeg,2
6928,_6_6366.jpeg,2
5415,_11_7607.jpeg,2
6779,_5_6593.jpeg,2
6642,_4_746.jpeg,2
5135,_10_1188.jpeg,2
7308,_9_1279.jpeg,2
6035,_15_8623.jpeg,2
5770,_14_1836.jpeg,2
5639,_13_3396.jpeg,2
5299,_11_1426.jpeg,2
5684,_13_6267.jpeg,2
7424,_9_813.jpeg,2
5184,_10_4307.jpeg,2
6848,_6_1437.jpeg,2
6614,_4_596.jpeg,2
6001,_15_6429.jpeg,2
5610,_13_1485.jpeg,2
5704,_13_735.jpeg,2
6545,_4_2123.jpeg,2
6771,_5_6099.jpeg,2
6975,_6_9071.jpeg,2
7410,_9_719.jpeg,2
6205,_1_9305.jpeg,2
7383,_9_5341.jpeg,2
6581,_4_409.jpeg,2
6776,_5_6477.jpeg,2
5891,_14_9272.jpeg,2
6071,_1_1315.jpeg,2
7230,_8_5876.jpeg,2
6148,_1_5737.jpeg,2
5091,_0_730.jpeg,2
5476,_12_2903.jpeg,2
7101,_7_7564.jpeg,2
5590,_12_9589.jpeg,2
6349,_2_8981.jpeg,2
6058,_15_9829.jpeg,2
7186,_8_3786.jpeg,2
6255,_2_3353.jpeg,2
6307,_2_6366.jpeg,2
7122,_7_8579.jpeg,2
6023,_15_7743.jpeg,2
5968,_15_4676.jpeg,2
6865,_6_2805.jpeg,2
6093,_1_2707.jpeg,2
6263,_2_3628.jpeg,2
6909,_6_4867.jpeg,2
5627,_13_2808.jpeg,2
5532,_12_6169.jpeg,2
5027,_0_4059.jpeg,2
5498,_12_4297.jpeg,2
6366,_2_9838.jpeg,2
6049,_15_9221.jpeg,2
5604,_13_1236.jpeg,2
6293,_2_585.jpeg,2
6609,_4_5782.jpeg,2
5500,_12_4418.jpeg,2
5615,_13_2082.jpeg,2
7353,_9_3535.jpeg,2
7124,_7_8707.jpeg,2
6110,_1_371.jpeg,2
5523,_12_5443.jpeg,2
5983,_15_5395.jpeg,2
6803,_5_8132.jpeg,2
5208,_10_5196.jpeg,2
6859,_6_2375.jpeg,2
5893,_14_9432.jpeg,2
5679,_13_6045.jpeg,2
5789,_14_2764.jpeg,2
6057,_15_9818.jpeg,2
6632,_4_699.jpeg,2
5795,_14_3160.jpeg,2
5390,_11_6459.jpeg,2
6060,_15_9902.jpeg,2
5717,_13_7882.jpeg,2
6300,_2_6014.jpeg,2
6055,_15_9627.jpeg,2
6990,_6_9717.jpeg,2
7108,_7_7815.jpeg,2
5269,_10_8922.jpeg,2
6025,_15_8059.jpeg,2
6161,_1_6584.jpeg,2
6368,_2_9934.jpeg,2
6259,_2_3523.jpeg,2
5410,_11_7386.jpeg,2
6008,_15_6853.jpeg,2
6946,_6_7834.jpeg,2
6149,_1_5788.jpeg,2
6393,_3_2838.jpeg,2
6532,_4_1299.jpeg,2
6993,_7_1074.jpeg,2
5194,_10_4634.jpeg,2
5151,_10_22.jpeg,2
5482,_12_3177.jpeg,2
5395,_11_6607.jpeg,2
7046,_7_4024.jpeg,2
5933,_15_2661.jpeg,2
5066,_0_563.jpeg,2
4980,_0_1173.jpeg,2
6630,_4_6910.jpeg,2
5393,_11_6546.jpeg,2
6587,_4_4630.jpeg,2
5824,_14_4815.jpeg,2
6129,_1_4534.jpeg,2
6534,_4_1363.jpeg,2
6717,_5_2843.jpeg,2
7128,_7_886.jpeg,2
6681,_4_988.jpeg,2
5287,_10_9991.jpeg,2
6714,_5_2681.jpeg,2
7005,_7_1986.jpeg,2
5987,_15_560.jpeg,2
7276,_8_8513.jpeg,2
5480,_12_3112.jpeg,2
5224,_10_6082.jpeg,2
6617,_4_6002.jpeg,2
5520,_12_5397.jpeg,2
5926,_15_2303.jpeg,2
6125,_1_4426.jpeg,2
6296,_2_5933.jpeg,2
6880,_6_3098.jpeg,2
5750,_13_9738.jpeg,2
5937,_15_2988.jpeg,2
5976,_15_5097.jpeg,2
6837,_5_9971.jpeg,2
6398,_3_3086.jpeg,2
6728,_5_3548.jpeg,2
6369,_2_9935.jpeg,2
6220,_2_1198.jpeg,2
5054,_0_508.jpeg,2
7283,_8_9005.jpeg,2
5998,_15_61.jpeg,2
6646,_4_7714.jpeg,2
5980,_15_5268.jpeg,2
7172,_8_3186.jpeg,2
6032,_15_8529.jpeg,2
4995,_0_2154.jpeg,2
5181,_10_407.jpeg,2
5712,_13_7763.jpeg,2
6833,_5_9510.jpeg,2
5297,_11_1389.jpeg,2
5372,_11_5622.jpeg,2
6822,_5_8872.jpeg,2
5311,_11_2046.jpeg,2
5465,_12_2216.jpeg,2
6400,_3_3299.jpeg,2
5668,_13_5234.jpeg,2
7174,_8_3306.jpeg,2
7244,_8_6681.jpeg,2
5425,_11_8304.jpeg,2
5201,_10_4994.jpeg,2
6113,_1_3955.jpeg,2
6594,_4_5080.jpeg,2
6795,_5_747.jpeg,2
6384,_3_2224.jpeg,2
7181,_8_365.jpeg,2
6170,_1_6852.jpeg,2
6615,_4_5963.jpeg,2
5309,_11_1969.jpeg,2
6748,_5_4380.jpeg,2
6802,_5_7908.jpeg,2
6079,_1_1844.jpeg,2
6919,_6_5641.jpeg,2
6216,_1_998.jpeg,2
7311,_9_1589.jpeg,2
5510,_12_4826.jpeg,2
6918,_6_5576.jpeg,2
6834,_5_9535.jpeg,2
7215,_8_5011.jpeg,2
5226,_10_6136.jpeg,2
6645,_4_7666.jpeg,2
6861,_6_241.jpeg,2
7264,_8_7930.jpeg,2
5630,_13_3068.jpeg,2
6284,_2_5257.jpeg,2
6399,_3_3206.jpeg,2
6538,_4_1593.jpeg,2
5796,_14_3169.jpeg,2
7439,_9_889.jpeg,2
5533,_12_6239.jpeg,2
5133,_10_1029.jpeg,2
6868,_6_2840.jpeg,2
6147,_1_5675.jpeg,2
5565,_12_8034.jpeg,2
7119,_7_8504.jpeg,2
6099,_1_2992.jpeg,2
5278,_10_9408.jpeg,2
5250,_10_7966.jpeg,2
7260,_8_7789.jpeg,2
6134,_1_4721.jpeg,2
6893,_6_3759.jpeg,2
6446,_3_5779.jpeg,2
5274,_10_9250.jpeg,2
5814,_14_4124.jpeg,2
5788,_14_275.jpeg,2
5841,_14_6223.jpeg,2
5591,_12_9607.jpeg,2
6707,_5_2298.jpeg,2
5081,_0_6482.jpeg,2
5111,_0_8439.jpeg,2
6344,_2_87.jpeg,2
5171,_10_3093.jpeg,2
5192,_10_4567.jpeg,2
6374,_3_1389.jpeg,2
6511,_3_880.jpeg,2
5800,_14_3376.jpeg,2
5107,_0_8206.jpeg,2
5882,_14_8954.jpeg,2
6943,_6_7720.jpeg,2
7306,_9_1163.jpeg,2
5222,_10_5992.jpeg,2
5280,_10_970.jpeg,2
6977,_6_9077.jpeg,2
5516,_12_5188.jpeg,2
5685,_13_6300.jpeg,2
5164,_10_2883.jpeg,2
6882,_6_3154.jpeg,2
6797,_5_7529.jpeg,2
5762,_14_1356.jpeg,2
7386,_9_5544.jpeg,2
5558,_12_7593.jpeg,2
6251,_2_2812.jpeg,2
6874,_6_2978.jpeg,2
6282,_2_5134.jpeg,2
5986,_15_559.jpeg,2
5418,_11_7961.jpeg,2
5888,_14_9115.jpeg,2
7134,_7_9030.jpeg,2
5875,_14_8338.jpeg,2
5932,_15_2485.jpeg,2
6061,_1_1011.jpeg,2
6482,_3_7413.jpeg,2
6522,_3_9464.jpeg,2
6333,_2_8111.jpeg,2
6308,_2_6555.jpeg,2
6809,_5_8345.jpeg,2
6155,_1_6352.jpeg,2
6648,_4_7864.jpeg,2
7327,_9_2223.jpeg,2
5734,_13_9018.jpeg,2
6856,_6_2197.jpeg,2
5458,_12_1622.jpeg,2
6044,_15_895.jpeg,2
5124,_0_9363.jpeg,2
6857,_6_2208.jpeg,2
5055,_0_5081.jpeg,2
6436,_3_4984.jpeg,2
6166,_1_6680.jpeg,2
5962,_15_4451.jpeg,2
7014,_7_2519.jpeg,2
6069,_1_1289.jpeg,2
6204,_1_9282.jpeg,2
6140,_1_522.jpeg,2
5819,_14_4456.jpeg,2
7044,_7_3965.jpeg,2
5010,_0_2814.jpeg,2
7449,_9_9557.jpeg,2
5325,_11_2811.jpeg,2
5725,_13_8660.jpeg,2
6595,_4_5083.jpeg,2
5822,_14_4541.jpeg,2
5314,_11_2238.jpeg,2
7178,_8_3482.jpeg,2
6414,_3_3975.jpeg,2
6669,_4_9470.jpeg,2
5896,_14_9515.jpeg,2
6762,_5_5433.jpeg,2
6559,_4_3127.jpeg,2
6463,_3_6772.jpeg,2
7417,_9_7630.jpeg,2
5862,_14_7388.jpeg,2
6692,_5_1530.jpeg,2
7052,_7_414.jpeg,2
5916,_15_1646.jpeg,2
6377,_3_1677.jpeg,2
6819,_5_8779.jpeg,2
6496,_3_8000.jpeg,2
7093,_7_7132.jpeg,2
6127,_1_4479.jpeg,2
5235,_10_6450.jpeg,2
5688,_13_637.jpeg,2
6992,_6_9957.jpeg,2
5508,_12_4789.jpeg,2
6530,_4_1174.jpeg,2
6800,_5_773.jpeg,2
5470,_12_2713.jpeg,2
5727,_13_8755.jpeg,2
5586,_12_9321.jpeg,2
6734,_5_364.jpeg,2
6665,_4_8797.jpeg,2
5656,_13_4551.jpeg,2
6196,_1_8939.jpeg,2
6443,_3_556.jpeg,2
5973,_15_501.jpeg,2
6686,_5_1088.jpeg,2
6006,_15_6821.jpeg,2
5337,_11_3335.jpeg,2
6338,_2_834.jpeg,2
6938,_6_7342.jpeg,2
7067,_7_5180.jpeg,2
6467,_3_6935.jpeg,2
5806,_14_3825.jpeg,2
5366,_11_5223.jpeg,2
7356,_9_3711.jpeg,2
7003,_7_1870.jpeg,2
7035,_7_3802.jpeg,2
7032,_7_362.jpeg,2
6021,_15_7554.jpeg,2
5179,_10_3775.jpeg,2
7229,_8_5829.jpeg,2
5811,_14_3973.jpeg,2
6864,_6_260.jpeg,2
5154,_10_2316.jpeg,2
7065,_7_5002.jpeg,2
5323,_11_2789.jpeg,2
5196,_10_4783.jpeg,2
7078,_7_5752.jpeg,2
6232,_2_1724.jpeg,2
5496,_12_4056.jpeg,2
6092,_1_2697.jpeg,2
5758,_14_117.jpeg,2
5205,_10_5113.jpeg,2
6637,_4_7197.jpeg,2
5336,_11_3303.jpeg,2
6934,_6_7253.jpeg,2
6104,_1_331.jpeg,2
5805,_14_3774.jpeg,2
7175,_8_3348.jpeg,2
5454,_12_15.jpeg,2
5612,_13_150.jpeg,2
6422,_3_4352.jpeg,2
5769,_14_1830.jpeg,2
7012,_7_2405.jpeg,2
6969,_6_8807.jpeg,2
5658,_13_468.jpeg,2
6759,_5_4937.jpeg,2
5342,_11_3554.jpeg,2
6816,_5_8686.jpeg,2
7437,_9_8856.jpeg,2
6371,_2_9952.jpeg,2
6305,_2_6285.jpeg,2
7259,_8_7624.jpeg,2
7428,_9_8259.jpeg,2
7333,_9_2546.jpeg,2
6295,_2_5905.jpeg,2
5832,_14_5315.jpeg,2
5969,_15_4793.jpeg,2
5747,_13_9467.jpeg,2
6539,_4_1595.jpeg,2
7305,_9_112.jpeg,2
5245,_10_7695.jpeg,2
7225,_8_5615.jpeg,2
6895,_6_3845.jpeg,2
5084,_0_6675.jpeg,2
5865,_14_7534.jpeg,2
6037,_15_8724.jpeg,2
5993,_15_5860.jpeg,2
5474,_12_2815.jpeg,2
6455,_3_638.jpeg,2
6201,_1_9107.jpeg,2
6242,_2_2452.jpeg,2
5101,_0_780.jpeg,2
7269,_8_8309.jpeg,2
7279,_8_8904.jpeg,2
4991,_0_180.jpeg,2
5100,_0_7793.jpeg,2
8744,_31_2992.jpeg,3
7835,_121_1272.jpeg,3
9894,_97_1407.jpeg,3
9799,_91_3722.jpeg,3
9257,_60_2903.jpeg,3
8296,_149_6373.jpeg,3
8984,_45_3300.jpeg,3
8447,_158_743.jpeg,3
9538,_76_8019.jpeg,3
8845,_37_6389.jpeg,3
8245,_146_2183.jpeg,3
9300,_62_9273.jpeg,3
9848,_94_255.jpeg,3
9557,_78_1031.jpeg,3
9096,_51_2107.jpeg,3
7831,_120_8496.jpeg,3
9275,_61_5471.jpeg,3
8729,_30_5117.jpeg,3
8289,_149_1701.jpeg,3
7635,_10_3218.jpeg,3
9297,_62_6168.jpeg,3
8876,_39_7273.jpeg,3
8070,_135_8050.jpeg,3
8911,_40_7119.jpeg,3
8761,_32_3374.jpeg,3
9078,_50_1420.jpeg,3
9955,_9_9075.jpeg,3
7703,_113_2835.jpeg,3
8549,_20_1502.jpeg,3
9699,_85_8948.jpeg,3
8587,_22_4722.jpeg,3
8669,_27_4856.jpeg,3
9290,_62_3373.jpeg,3
8591,_22_6354.jpeg,3
9833,_93_4614.jpeg,3
7584,_106_9222.jpeg,3
8698,_29_4598.jpeg,3
9281,_61_7671.jpeg,3
7941,_128_2008.jpeg,3
9689,_85_3716.jpeg,3
8738,_30_9124.jpeg,3
8093,_137_2782.jpeg,3
9622,_81_1620.jpeg,3
9061,_4_0.jpeg,3
9735,_88_1818.jpeg,3
9550,_77_7664.jpeg,3
9831,_93_3588.jpeg,3
9910,_98_1601.jpeg,3
7777,_118_2586.jpeg,3
8805,_35_1023.jpeg,3
8925,_41_6432.jpeg,3
8336,_151_2727.jpeg,3
9904,_97_7779.jpeg,3
7740,_115_8027.jpeg,3
7840,_121_4221.jpeg,3
9123,_52_959.jpeg,3
9048,_49_3892.jpeg,3
9268,_60_8956.jpeg,3
7708,_113_8498.jpeg,3
8043,_133_8957.jpeg,3
8143,_13_4440.jpeg,3
9954,_9_8636.jpeg,3
7461,_0_292.jpeg,3
8446,_158_6214.jpeg,3
7625,_109_6547.jpeg,3
9823,_92_7626.jpeg,3
9558,_78_1763.jpeg,3
8618,_24_6772.jpeg,3
8223,_144_9248.jpeg,3
9305,_63_5478.jpeg,3
8737,_30_8546.jpeg,3
7919,_126_7105.jpeg,3
9173,_56_1367.jpeg,3
9330,_64_9279.jpeg,3
8871,_39_4768.jpeg,3
9745,_88_740.jpeg,3
9017,_47_3191.jpeg,3
8942,_42_6535.jpeg,3
9722,_87_1993.jpeg,3
7576,_106_5345.jpeg,3
8203,_143_6342.jpeg,3
7957,_129_396.jpeg,3
9783,_90_1804.jpeg,3
8236,_145_7570.jpeg,3
8644,_25_9597.jpeg,3
7978,_12_3866.jpeg,3
7936,_127_6434.jpeg,3
7762,_117_3346.jpeg,3
8572,_21_4194.jpeg,3
8285,_148_9457.jpeg,3
7736,_115_5984.jpeg,3
8733,_30_6469.jpeg,3
7538,_104_3323.jpeg,3
9744,_88_6872.jpeg,3
9120,_52_7371.jpeg,3
9204,_57_9750.jpeg,3
9771,_8_3340.jpeg,3
9205,_58_1705.jpeg,3
8466,_15_8510.jpeg,3
8836,_36_9260.jpeg,3
8320,_150_2493.jpeg,3
7549,_104_8533.jpeg,3
8011,_131_8252.jpeg,3
8662,_27_176.jpeg,3
9736,_88_1825.jpeg,3
9068,_4_4683.jpeg,3
8471,_16_1492.jpeg,3
9378,_67_8568.jpeg,3
8609,_23_9318.jpeg,3
9638,_82_140.jpeg,3
8115,_138_7795.jpeg,3
8751,_31_5626.jpeg,3
8799,_34_7704.jpeg,3
9235,_59_9524.jpeg,3
8188,_142_4726.jpeg,3
7695,_112_8845.jpeg,3
8369,_153_4113.jpeg,3
8961,_43_6796.jpeg,3
9763,_89_8314.jpeg,3
8628,_24_9126.jpeg,3
8501,_18_112.jpeg,3
8088,_136_8901.jpeg,3
8633,_25_3714.jpeg,3
9483,_73_3620.jpeg,3
8204,_143_6409.jpeg,3
9126,_53_1962.jpeg,3
7976,_12_3432.jpeg,3
8816,_35_916.jpeg,3
9087,_50_7549.jpeg,3
8518,_19_1524.jpeg,3
8154,_140_1948.jpeg,3
8334,_151_1588.jpeg,3
7490,_101_137.jpeg,3
9546,_77_4895.jpeg,3
9468,_72_4197.jpeg,3
8967,_44_201.jpeg,3
9036,_48_6025.jpeg,3
8284,_148_9434.jpeg,3
8389,_154_9119.jpeg,3
9314,_63_8076.jpeg,3
8847,_37_6920.jpeg,3
8522,_19_4995.jpeg,3
8064,_135_2320.jpeg,3
8677,_28_1823.jpeg,3
8919,_41_1614.jpeg,3
9237,_5_1292.jpeg,3
9038,_48_7668.jpeg,3
8319,_150_1392.jpeg,3
8225,_144_9575.jpeg,3
8069,_135_5858.jpeg,3
8187,_142_3986.jpeg,3
7888,_124_692.jpeg,3
8595,_22_8561.jpeg,3
8665,_27_2201.jpeg,3
8780,_33_403.jpeg,3
9479,_73_2621.jpeg,3
8694,_29_3392.jpeg,3
7492,_101_4268.jpeg,3
7893,_124_9548.jpeg,3
9934,_99_7565.jpeg,3
9187,_56_9373.jpeg,3
8887,_3_1582.jpeg,3
8691,_28_929.jpeg,3
8707,_29_8257.jpeg,3
8366,_153_3591.jpeg,3
9608,_80_4173.jpeg,3
7797,_119_5269.jpeg,3
8720,_2_7636.jpeg,3
7652,_110_1551.jpeg,3
8478,_16_6444.jpeg,3
9363,_66_7686.jpeg,3
8770,_32_8470.jpeg,3
8047,_134_250.jpeg,3
9878,_96_2248.jpeg,3
7912,_126_3153.jpeg,3
9631,_81_6820.jpeg,3
8877,_39_7555.jpeg,3
9062,_4_1299.jpeg,3
7689,_112_5201.jpeg,3
8844,_37_5165.jpeg,3
8875,_39_6909.jpeg,3
8371,_153_5688.jpeg,3
9504,_74_6964.jpeg,3
7573,_106_2470.jpeg,3
9921,_98_7150.jpeg,3
9350,_66_1388.jpeg,3
9465,_72_3331.jpeg,3
8036,_133_5766.jpeg,3
8077,_136_1612.jpeg,3
8180,_141_9207.jpeg,3
8309,_14_561.jpeg,3
7822,_120_2558.jpeg,3
7499,_101_823.jpeg,3
7965,_129_8103.jpeg,3
9369,_67_2966.jpeg,3
9852,_94_4337.jpeg,3
8944,_42_7720.jpeg,3
8090,_136_9673.jpeg,3
8747,_31_4448.jpeg,3
7722,_114_5365.jpeg,3
9499,_74_5649.jpeg,3
7528,_103_3982.jpeg,3
7487,_100_8776.jpeg,3
9845,_94_1597.jpeg,3
9336,_65_2546.jpeg,3
9365,_67_1653.jpeg,3
9136,_53_7934.jpeg,3
9421,_6_4850.jpeg,3
7706,_113_5819.jpeg,3
8202,_143_6315.jpeg,3
9738,_88_255.jpeg,3
9803,_91_6154.jpeg,3
9715,_86_875.jpeg,3
7954,_128_9874.jpeg,3
8184,_142_144.jpeg,3
8454,_15_1565.jpeg,3
7720,_114_4566.jpeg,3
9478,_73_2335.jpeg,3
9640,_82_1841.jpeg,3
8411,_156_3321.jpeg,3
8995,_45_9844.jpeg,3
9761,_89_7835.jpeg,3
8521,_19_4769.jpeg,3
7953,_128_9533.jpeg,3
9897,_97_266.jpeg,3
8584,_22_3202.jpeg,3
8117,_138_8348.jpeg,3
8110,_138_3607.jpeg,3
8273,_148_2188.jpeg,3
7641,_10_7697.jpeg,3
7998,_130_920.jpeg,3
7523,_103_1252.jpeg,3
7515,_102_488.jpeg,3
9285,_62_120.jpeg,3
8182,_142_141.jpeg,3
7634,_10_1394.jpeg,3
9658,_83_3717.jpeg,3
9428,_6_8622.jpeg,3
8167,_141_2416.jpeg,3
8804,_34_9638.jpeg,3
8493,_17_7463.jpeg,3
9324,_64_5607.jpeg,3
8784,_33_8231.jpeg,3
8638,_25_7793.jpeg,3
9888,_96_7225.jpeg,3
9280,_61_6485.jpeg,3
9164,_55_4079.jpeg,3
9775,_8_730.jpeg,3
7596,_107_7442.jpeg,3
8948,_42_9128.jpeg,3
9821,_92_5602.jpeg,3
8603,_23_6409.jpeg,3
9321,_64_3980.jpeg,3
9260,_60_5037.jpeg,3
8438,_158_1235.jpeg,3
8829,_36_6362.jpeg,3
8701,_29_6716.jpeg,3
9597,_7_6195.jpeg,3
9516,_75_5291.jpeg,3
9743,_88_4317.jpeg,3
8195,_142_8297.jpeg,3
8394,_155_1658.jpeg,3
7564,_105_7426.jpeg,3
8029,_132_8603.jpeg,3
8675,_27_8396.jpeg,3
9045,_49_1542.jpeg,3
8397,_155_3612.jpeg,3
9944,_9_4662.jpeg,3
7613,_108_7256.jpeg,3
7981,_12_6545.jpeg,3
9619,_80_9399.jpeg,3
8266,_147_7593.jpeg,3
9881,_96_4564.jpeg,3
9189,_57_1173.jpeg,3
9185,_56_898.jpeg,3
9486,_73_5612.jpeg,3
7662,_110_7126.jpeg,3
7746,_116_1922.jpeg,3
9170,_55_8222.jpeg,3
9773,_8_6610.jpeg,3
8209,_143_8612.jpeg,3
9542,_77_2268.jpeg,3
8323,_150_3151.jpeg,3
8190,_142_5431.jpeg,3
9192,_57_3029.jpeg,3
8903,_40_2562.jpeg,3
9746,_88_8369.jpeg,3
8964,_43_9761.jpeg,3
8477,_16_6310.jpeg,3
8621,_24_7234.jpeg,3
8742,_31_1741.jpeg,3
9501,_74_5767.jpeg,3
7903,_125_5637.jpeg,3
9180,_56_5807.jpeg,3
7569,_105_9654.jpeg,3
8464,_15_7749.jpeg,3
8157,_140_3647.jpeg,3
9633,_81_881.jpeg,3
8383,_154_4493.jpeg,3
8812,_35_7122.jpeg,3
8458,_15_2994.jpeg,3
9853,_94_4992.jpeg,3
8136,_13_2010.jpeg,3
9279,_61_6404.jpeg,3
9352,_66_200.jpeg,3
8571,_21_41.jpeg,3
8468,_15_9335.jpeg,3
8789,_34_1654.jpeg,3
9829,_93_200.jpeg,3
8759,_32_2510.jpeg,3
7860,_122_7495.jpeg,3
7943,_128_312.jpeg,3
7764,_117_3685.jpeg,3
8024,_132_3934.jpeg,3
7505,_101_9225.jpeg,3
7988,_130_2365.jpeg,3
8582,_22_1834.jpeg,3
7894,_124_9857.jpeg,3
8484,_16_9303.jpeg,3
7873,_123_5037.jpeg,3
9108,_51_9857.jpeg,3
7871,_123_2423.jpeg,3
9650,_82_7827.jpeg,3
9109,_52_1482.jpeg,3
8657,_26_7132.jpeg,3
8867,_38_9462.jpeg,3
8541,_1_5481.jpeg,3
8483,_16_8276.jpeg,3
9092,_50_999.jpeg,3
7686,_112_4249.jpeg,3
9875,_95_9448.jpeg,3
9928,_99_5644.jpeg,3
8360,_152_8188.jpeg,3
9032,_48_2712.jpeg,3
9939,_99_8759.jpeg,3
9342,_65_3802.jpeg,3
8292,_149_3801.jpeg,3
8611,_23_9690.jpeg,3
8536,_1_2146.jpeg,3
9099,_51_3477.jpeg,3
8301,_149_8931.jpeg,3
9157,_55_1455.jpeg,3
9277,_61_5764.jpeg,3
9115,_52_561.jpeg,3
7747,_116_2115.jpeg,3
9494,_74_2458.jpeg,3
8279,_148_5420.jpeg,3
8714,_2_344.jpeg,3
9427,_6_8011.jpeg,3
8351,_152_4803.jpeg,3
9288,_62_2858.jpeg,3
8299,_149_8300.jpeg,3
8933,_42_1000.jpeg,3
9697,_85_7826.jpeg,3
9322,_64_473.jpeg,3
9262,_60_7047.jpeg,3
8612,_23_9899.jpeg,3
7672,_111_3279.jpeg,3
7629,_109_81.jpeg,3
8353,_152_5197.jpeg,3
9727,_87_586.jpeg,3
8668,_27_3701.jpeg,3
8433,_157_7192.jpeg,3
7544,_104_5730.jpeg,3
7458,_0_1095.jpeg,3
9446,_71_239.jpeg,3
8108,_138_2491.jpeg,3
9085,_50_6737.jpeg,3
8163,_140_6603.jpeg,3
9079,_50_1626.jpeg,3
8851,_37_8757.jpeg,3
9006,_46_5151.jpeg,3
9216,_58_6984.jpeg,3
7958,_129_4058.jpeg,3
7765,_117_413.jpeg,3
8362,_152_9333.jpeg,3
9116,_52_6094.jpeg,3
8880,_39_8639.jpeg,3
9822,_92_5815.jpeg,3
8934,_42_2205.jpeg,3
7702,_113_2747.jpeg,3
9448,_71_3545.jpeg,3
8283,_148_7582.jpeg,3
8426,_157_3621.jpeg,3
8459,_15_428.jpeg,3
8792,_34_312.jpeg,3
9385,_68_4430.jpeg,3
8474,_16_4408.jpeg,3
9861,_95_2008.jpeg,3
8476,_16_6244.jpeg,3
9341,_65_3434.jpeg,3
9514,_75_3636.jpeg,3
8653,_26_403.jpeg,3
8268,_147_8515.jpeg,3
9474,_72_8252.jpeg,3
7532,_103_5214.jpeg,3
9338,_65_2832.jpeg,3
8491,_17_5734.jpeg,3
9936,_99_8063.jpeg,3
9624,_81_3097.jpeg,3
8134,_139_9191.jpeg,3
8325,_150_3846.jpeg,3
7473,_0_9742.jpeg,3
7659,_110_4656.jpeg,3
9665,_83_7540.jpeg,3
8905,_40_2829.jpeg,3
7775,_118_1864.jpeg,3
7850,_122_1031.jpeg,3
9326,_64_6054.jpeg,3
7789,_119_1419.jpeg,3
9462,_72_1326.jpeg,3
9604,_7_9016.jpeg,3
8162,_140_5949.jpeg,3
9449,_71_3977.jpeg,3
9626,_81_3816.jpeg,3
8601,_23_62.jpeg,3
7679,_111_7127.jpeg,3
8606,_23_770.jpeg,3
9436,_70_6594.jpeg,3
8010,_131_7273.jpeg,3
9713,_86_8067.jpeg,3
7868,_123_1330.jpeg,3
8806,_35_131.jpeg,3
7803,_119_9869.jpeg,3
9649,_82_7572.jpeg,3
7787,_118_9231.jpeg,3
8355,_152_6788.jpeg,3
9704,_86_2825.jpeg,3
9306,_63_5678.jpeg,3
8561,_20_7865.jpeg,3
9784,_90_2243.jpeg,3
9031,_48_2209.jpeg,3
9410,_69_6925.jpeg,3
8001,_131_1343.jpeg,3
9664,_83_7170.jpeg,3
8068,_135_3173.jpeg,3
9169,_55_6409.jpeg,3
9355,_66_360.jpeg,3
7704,_113_5645.jpeg,3
9616,_80_7519.jpeg,3
8021,_132_2553.jpeg,3
9610,_80_4835.jpeg,3
9795,_90_8540.jpeg,3
8535,_1_1877.jpeg,3
9575,_79_2711.jpeg,3
8916,_40_9843.jpeg,3
9246,_5_6678.jpeg,3
8900,_3_980.jpeg,3
9010,_46_7265.jpeg,3
8542,_1_6236.jpeg,3
7611,_108_7086.jpeg,3
8635,_25_4876.jpeg,3
9065,_4_2861.jpeg,3
8262,_147_5687.jpeg,3
8771,_32_8794.jpeg,3
7960,_129_4779.jpeg,3
7756,_116_4874.jpeg,3
7728,_114_9119.jpeg,3
9757,_89_5143.jpeg,3
8627,_24_8553.jpeg,3
9315,_63_8417.jpeg,3
9440,_70_8078.jpeg,3
8453,_15_1191.jpeg,3
7752,_116_3706.jpeg,3
8311,_14_7385.jpeg,3
8660,_26_9885.jpeg,3
9669,_84_1301.jpeg,3
7970,_12_1061.jpeg,3
9265,_60_8311.jpeg,3
7559,_105_4152.jpeg,3
7589,_107_2956.jpeg,3
8859,_38_4603.jpeg,3
7649,_10_9581.jpeg,3
7670,_111_2477.jpeg,3
9274,_61_5063.jpeg,3
8636,_25_6422.jpeg,3
9226,_59_4929.jpeg,3
8297,_149_714.jpeg,3
7585,_106_9831.jpeg,3
9373,_67_4356.jpeg,3
8406,_155_8627.jpeg,3
9551,_77_8063.jpeg,3
7700,_113_2425.jpeg,3
7758,_116_5697.jpeg,3
9890,_96_8552.jpeg,3
8082,_136_5041.jpeg,3
9086,_50_7398.jpeg,3
7642,_10_7932.jpeg,3
9815,_92_1830.jpeg,3
9806,_91_6801.jpeg,3
8896,_3_8433.jpeg,3
8269,_147_8952.jpeg,3
8408,_156_1117.jpeg,3
8358,_152_7559.jpeg,3
8290,_149_2183.jpeg,3
8778,_33_3819.jpeg,3
8613,_24_2001.jpeg,3
7896,_125_1171.jpeg,3
8387,_154_6431.jpeg,3
9612,_80_6941.jpeg,3
8373,_153_6712.jpeg,3
8548,_1_9297.jpeg,3
8922,_41_4061.jpeg,3
9110,_52_2341.jpeg,3
8089,_136_9434.jpeg,3
9926,_99_2791.jpeg,3
8158,_140_3882.jpeg,3
9313,_63_7576.jpeg,3
8440,_158_3164.jpeg,3
9605,_80_1591.jpeg,3
8658,_26_8324.jpeg,3
8228,_145_1765.jpeg,3
8177,_141_6442.jpeg,3
7602,_108_1502.jpeg,3
9361,_66_714.jpeg,3
7533,_103_6756.jpeg,3
9004,_46_5032.jpeg,3
8833,_36_8103.jpeg,3
9576,_79_2957.jpeg,3
8886,_3_1556.jpeg,3
8856,_38_3223.jpeg,3
9540,_76_9083.jpeg,3
7488,_100_8981.jpeg,3
9760,_89_7693.jpeg,3
9844,_93_9651.jpeg,3
8374,_153_6834.jpeg,3
8515,_18_9391.jpeg,3
7792,_119_2160.jpeg,3
9675,_84_4340.jpeg,3
9813,_92_1511.jpeg,3
8045,_133_998.jpeg,3
8395,_155_2677.jpeg,3
9653,_83_1731.jpeg,3
9057,_49_7653.jpeg,3
8439,_158_2920.jpeg,3
8246,_146_2743.jpeg,3
7994,_130_4499.jpeg,3
9008,_46_6602.jpeg,3
9018,_47_3325.jpeg,3
8953,_43_330.jpeg,3
8126,_139_55.jpeg,3
8165,_140_9545.jpeg,3
8910,_40_6560.jpeg,3
8592,_22_7093.jpeg,3
8893,_3_6668.jpeg,3
8872,_39_4987.jpeg,3
7713,_114_1799.jpeg,3
9387,_68_6511.jpeg,3
9661,_83_6007.jpeg,3
7986,_130_1419.jpeg,3
9547,_77_5451.jpeg,3
8826,_36_4906.jpeg,3
8624,_24_7810.jpeg,3
7948,_128_6650.jpeg,3
9211,_58_310.jpeg,3
9577,_79_3562.jpeg,3
9236,_59_9856.jpeg,3
9166,_55_5278.jpeg,3
9386,_68_561.jpeg,3
8690,_28_8416.jpeg,3
8941,_42_6173.jpeg,3
8333,_151_1302.jpeg,3
8437,_157_9527.jpeg,3
9160,_55_2259.jpeg,3
7815,_11_6466.jpeg,3
9319,_64_297.jpeg,3
9898,_97_5018.jpeg,3
9563,_78_5751.jpeg,3
9475,_72_8736.jpeg,3
9948,_9_5208.jpeg,3
7844,_121_6560.jpeg,3
8539,_1_4083.jpeg,3
9080,_50_2767.jpeg,3
8475,_16_5305.jpeg,3
8278,_148_5133.jpeg,3
9242,_5_3702.jpeg,3
7657,_110_3398.jpeg,3
8317,_14_9714.jpeg,3
8308,_14_5378.jpeg,3
9368,_67_2675.jpeg,3
7632,_109_8851.jpeg,3
8176,_141_6234.jpeg,3
7801,_119_7866.jpeg,3
7674,_111_4828.jpeg,3
8214,_144_3282.jpeg,3
8728,_30_4868.jpeg,3
7974,_12_226.jpeg,3
8585,_22_382.jpeg,3
9918,_98_5910.jpeg,3
7683,_112_2453.jpeg,3
8564,_20_9768.jpeg,3
7814,_11_6203.jpeg,3
8569,_21_2707.jpeg,3
9507,_74_8136.jpeg,3
8302,_14_1102.jpeg,3
9748,_88_9102.jpeg,3
7932,_127_4656.jpeg,3
8105,_137_9002.jpeg,3
8547,_1_811.jpeg,3
8265,_147_7119.jpeg,3
9229,_59_7730.jpeg,3
8992,_45_8703.jpeg,3
9218,_58_7942.jpeg,3
8419,_156_8227.jpeg,3
7820,_120_1181.jpeg,3
9320,_64_3636.jpeg,3
9935,_99_7999.jpeg,3
8956,_43_3924.jpeg,3
8146,_13_7048.jpeg,3
9915,_98_5078.jpeg,3
9920,_98_6760.jpeg,3
9333,_65_1043.jpeg,3
8846,_37_6844.jpeg,3
9524,_75_9535.jpeg,3
8329,_150_7744.jpeg,3
9472,_72_6288.jpeg,3
8240,_145_9387.jpeg,3
8274,_148_2763.jpeg,3
9570,_78_8561.jpeg,3
7723,_114_5385.jpeg,3
8947,_42_8997.jpeg,3
9401,_69_2298.jpeg,3
7562,_105_6751.jpeg,3
8363,_153_1520.jpeg,3
9922,_98_7254.jpeg,3
